<?xml version="1.0" encoding="UTF-8"?>
<project-private xmlns="http://www.netbeans.org/ns/project-private/1">
    <editor-bookmarks xmlns="http://www.netbeans.org/ns/editor-bookmarks/2" lastBookmarkId="0"/>
    <open-files xmlns="http://www.netbeans.org/ns/projectui-open-files/2">
        <group>
            <file>file:/C:/Users/thanu/Documents/NetBeansProjects/CollegeManagementSystem/src/principal%202.jpg</file>
            <file>file:/C:/Users/thanu/Documents/NetBeansProjects/CollegeManagementSystem/src/CurrentPrincipal.java</file>
            <file>file:/C:/Users/thanu/Documents/NetBeansProjects/CollegeManagementSystem/src/controller/LoginController.java</file>
            <file>file:/C:/Users/thanu/Documents/NetBeansProjects/CollegeManagementSystem/src/controller/PrincipalController.java</file>
            <file>file:/C:/Users/thanu/Documents/NetBeansProjects/CollegeManagementSystem/src/Login.java</file>
            <file>file:/C:/Users/thanu/Documents/NetBeansProjects/CollegeManagementSystem/src/model/Principal.java</file>
            <file>file:/C:/Users/thanu/Documents/NetBeansProjects/CollegeManagementSystem/src/Student.java</file>
            <file>file:/C:/Users/thanu/Documents/NetBeansProjects/CollegeManagementSystem/src/student.png</file>
            <file>file:/C:/Users/thanu/Documents/NetBeansProjects/CollegeManagementSystem/src/controller/TeachetController.java</file>
            <file>file:/C:/Users/thanu/Documents/NetBeansProjects/CollegeManagementSystem/src/Welcome.java</file>
            <file>file:/C:/Users/thanu/Documents/NetBeansProjects/CollegeManagementSystem/src/controller/StudentController.java</file>
            <file>file:/C:/Users/thanu/Documents/NetBeansProjects/CollegeManagementSystem/src/Home.java</file>
            <file>file:/C:/Users/thanu/Documents/NetBeansProjects/CollegeManagementSystem/src/AllTeachers.java</file>
            <file>file:/C:/Users/thanu/Documents/NetBeansProjects/CollegeManagementSystem/src/Teacher.java</file>
            <file>file:/C:/Users/thanu/Documents/NetBeansProjects/CollegeManagementSystem/src/scl%20logo.png</file>
            <file>file:/C:/Users/thanu/Documents/NetBeansProjects/CollegeManagementSystem/src/databaseConnection.java</file>
            <file>file:/C:/Users/thanu/Documents/NetBeansProjects/CollegeManagementSystem/src/model/Teacher.java</file>
            <file>file:/C:/Users/thanu/Documents/NetBeansProjects/CollegeManagementSystem/src/AllStudents.java</file>
            <file>file:/C:/Users/thanu/Documents/NetBeansProjects/CollegeManagementSystem/src/Principal.java</file>
            <file>file:/C:/Users/thanu/Documents/NetBeansProjects/CollegeManagementSystem/src/model/User.java</file>
            <file>file:/C:/Users/thanu/Documents/NetBeansProjects/CollegeManagementSystem/src/model/Student.java</file>
        </group>
    </open-files>
</project-private>
